Straße;Name;Branche;Adresse;PLZ;Telefon;Öffnungszeiten;Besucht am;Notiz
Antonsplatz;Friseur Dion;Friseur;Antonsplatz 27/3;1100;+4369910473089;"Tu-Fr 09:00-18:00; Sa 10:00-17:00";;
Arbeitergasse;Chaz Nabil;Friseur;Arbeitergasse 39;1100;;;;
Arbeitergasse;Leo Barber Shop;Friseur;Arbeitergasse 40;1100;;Mo-Sa 09:00-19:00;;
Arbeitergasse;Gefa Installationen;Installateur;Arbeitergasse 41;1100;;"Mo-Th 07:00-12:00,12:30-15:30; Fr 07:00-13:00";;
Buchengasse;Sami;Maler;Buchengasse 143;1100;;;;
Buchengasse;Papierwerkstatt;Handwerk: yes;Buchengasse 166-168;1100;;;;
Buchengasse 67c;Ludi;Friseur;Buchengasse 67c;1100;;Mo-Fr 09:00-19:00, Sa 09:00-18:00;;
Columbusgasse;Fantastic;Friseur;Columbusgasse;1100;;"Mo 10:00-19:00; Tu-Su 09:00-19:00";;
Columbusplatz;Iconic Nails & Tea;Kosmetik/Beauty;Columbusplatz 7-8;1100;;;;
Columbusplatz;Klipp;Friseur;Columbusplatz 7-8;1100;;"Mo-Fr 09:00-18:00; Sa 09:00-16:00";;
Dampfgasse;D&R Reinigung;Reinigung;Dampfgasse 16;1100;;;;
Dampfgasse;Karl Redl;Tischler;Dampfgasse 7;1100;;;;
Davidgasse;Trend Style;Friseur;Davidgasse 15;1100;;;;
Davidgasse;mis barber;Friseur;Davidgasse 99;1100;;Mo-Sa 09:00-19:00;;
Embelgasse;Diskont Installationen;Installateur;Embelgasse 1-3;1050;+43 1 2702927;;;
Favoritenstraße;uhrmacher;Handwerk: clockmaker;Favoritenstraße 123;1100;;;;
Favoritenstraße;Blumen Anuschka;Blumen;Favoritenstraße 130;1100;;"Mo-Fr 08:00-18:00; Sa 08:00-17:00";;
Favoritenstraße;Flower Field;Blumen;Favoritenstraße 149;1100;;;;
Favoritenstraße;Creative Friseur;Friseur;Favoritenstraße 188;1100;;;;
Gudrunstraße;Änderungsschneiderei;Handwerk: tailor;Gudrunstraße 168;1100;;"Mo-Th 08:30-12:00, 13:30-18:00; Fr 08:30-12:00, 14:00-18:00; Sa 09:00-13:00";;
Gußriegelstraße;Gllaras;Bau;Gußriegelstraße 11;1100;;;;
Gußriegelstraße;Werner Grassinger;Handwerk: piano_carrier;Gußriegelstraße 11-13;1100;;;;
Gußriegelstraße;Hans Adelmann;Maler;Gußriegelstraße 5;1100;;;;
Herzgasse 2a;Ulrike Haas;Handwerk: speech_therapist;Herzgasse 2a;1100;;;;
Kennergasse;Friseur Orchidee;Friseur;Kennergasse 12;1100;;;;
Laxenburger Straße;Friseur Turan;Friseur;Laxenburger Straße 115;1100;;;;
Laxenburger Straße;Hakaj;Installateur;Laxenburger Straße 14;1100;;;;
Laxenburger Straße;GSN;Installateur;Laxenburger Straße 67;1100;;;;
Margaretengürtel;Medwed;Friseur;Margaretengürtel 122-124;1100;;"Tu-Fr 08:00-17:00; Sa 08:00-12:00";;
Margaretengürtel;Rose;Friseur;Margaretengürtel 52-56;1050;;;;
Pernerstorfergasse;Gul;Friseur;Pernerstorfergasse 26;1100;;Mo-Sa 09:00-19:30;;
Quellenstraße;Istanbul Friseur;Friseur;Quellenstraße 116;1100;;"Mo-Fr 10:00-19:00; Sa 10:00-17:00";;
Quellenstraße;Duschi Bau;Bau;Quellenstraße 207;1100;;;;
Quellenstraße;Besta Bau;Bau;Quellenstraße 211-213;1100;;;;
Quellenstraße;ihr scheneider OSSI;Schneiderei;Quellenstraße 42-44;1100;;"Mo-Fr 08:00-18:00; Sa 09:00-14:00";;
Quellenstraße;Hairstyling by Ayhan;Friseur;Quellenstraße 48;1100;+43 676 3439501;"Mo-Fr 09:00-19:00; Sa 09:00-18:00";;
Quellenstraße;Gül Friseur;Friseur;Quellenstraße 97;1100;;Mo-Sa 09:00-19:30;;
Raxstraße;Änderungsschneiderei;Schneiderei;Raxstraße 6-8;1100;+43 660 444 3720;"Mo-Fr 09:00-18:00; Sa 10:00-14:00";;
Reinprechtsdorfer Straße;Barberstation;Friseur;Reinprechtsdorfer Straße 11;1100;;Mo-Sa 09:00-19:00;;
Reumannplatz;Coiffeur;Friseur;Reumannplatz 12;1100;;;;
Reumannplatz;Schuhservice;locksmith;Reumannplatz 19;1100;;"Mo-Th 09:00-18:00; Fr 09:00-17:00; Sa,Su,PH off";;
Siebenbrunnengasse;Studio Asia Girls;Massage;Siebenbrunnengasse 67;1050;;;;
Tesarekplatz;Hair Cut One;Friseur;Tesarekplatz 1;1100;+43 1 6157004;;;
Troststraße;GTW Gasgeräte Technik;Installateur;Troststraße 115;1100;;"Mo-Th 07:30-16:00; Fr 07:30-12:00";;
Troststraße;Ephesos;Friseur;Troststraße 47;1100;;;;
Troststraße;Inn Spirit;Blumen;Troststraße 5-9;1100;;;;
Van-der-Nüll-Gasse;Serajnik GmbH;Tischler;Van-der-Nüll-Gasse 10;1100;;;;
Waldgasse;Bellissima;Friseur;Waldgasse 47;1100;;;;
Wiedner Hauptstraße;Nagelstudio Andreea;Kosmetik/Beauty;Wiedner Hauptstraße 126;1100;;"Mo-Tu,Th-Fr 09:00-20:00; We,Su off";;
Zur Spinnerin;Friseurstudio Rose;Friseur;Zur Spinnerin 45;1100;+43 1 6022960;"Tu-Fr 09:00-16:00; Sa 09:00-12:00";;
